listing_id,price,original_qty,current_qty,section,row,event_id,user_id
1,42.00,1,1,998,GA,162,1
2,46.00,2,2,406,3,162,3
3,50.00,12,12,998,GA1,162,1
4,59.00,2,2,436,6,162,1
5,62.00,2,2,524,2,162,4
6,62.00,2,2,406,8,162,3
7,63.00,3,3,403,10,162,1
8,63.00,1,1,223,17,162,3
9,67.00,2,2,239,7,162,1
10,67.00,2,2,240,14,162,3
11,68.00,2,2,236,11,162,4
12,68.00,2,2,242,4,162,2
13,70.00,2,2,208,14,162,2
14,76.00,2,2,300,GA,162,2
15,77.00,2,2,300,GA,162,1
16,76.00,2,2,140,7,162,1
17,79.00,2,2,226,16,162,4
18,89.00,2,2,139,12,162,3
19,90.00,4,4,219,14,162,4
20,92.00,2,2,105,13,162,2
21,97.00,2,2,105,8,162,4
22,97.00,4,4,235,11,162,1
23,97.00,1,1,133,8,162,1
24,125.00,2,2,211,5,162,1
25,125.00,2,2,300,GA1,162,4
26,183.00,3,3,117,13,162,1
27,877.00,2,2,220,14,162,3
28,17.00,12,12,997,1,164,1
29,19.00,3,3,510,9,164,3
30,20.00,1,1,512,8,164,2
31,22.00,2,2,510,7,164,1
32,22.00,2,2,510,10,164,3
33,23.00,3,3,542,7,164,4
34,23.00,3,3,518,7,164,1
35,23.00,2,2,544,10,164,1
36,24.00,4,4,530,12,164,1
37,25.00,6,6,508,6,164,4
38,25.00,4,4,997,G00,164,1
39,27.00,8,8,997,PASS,164,4
40,26.00,4,4,516,2,164,3
41,26.00,3,3,544,11,164,4
42,27.00,4,4,533,8,164,1
43,27.00,4,4,527,3,164,4
44,27.00,2,2,507,2,164,4
45,29.00,6,6,557,5,164,1
46,28.00,8,8,565,11,164,2
47,29.00,7,7,552,1,164,1
48,29.00,2,2,537,4,164,2
49,29.00,4,4,534,7,164,4
50,29.00,4,4,533,9,164,3
51,31.00,4,4,518,8,164,2
52,30.00,8,8,510,8,164,3
53,30.00,2,2,527,5,164,4
54,30.00,2,2,558,1,164,3
55,30.00,8,8,554,3,164,1
56,30.00,3,3,528,2,164,2
57,30.00,4,4,533,8,164,4
58,31.00,6,6,518,7,164,1
59,31.00,5,5,506,4,164,1
60,31.00,4,4,537,2,164,3
61,34.00,11,11,518,12,164,3
62,32.00,4,4,557,1,164,3
63,32.00,10,10,544,3,164,1
64,32.00,4,4,524,7,164,2
65,32.00,4,4,535,7,164,2
66,34.00,8,8,565,10,164,2
67,34.00,6,6,530,8,164,2
68,35.00,3,3,520,5,164,1
69,35.00,2,2,550,6,164,1
70,35.00,4,4,107,16,164,2
71,37.00,4,4,557,1,164,3
72,36.00,2,2,102,8,164,3
73,36.00,2,2,109,14,164,1
74,36.00,4,4,159,13,164,2
75,36.00,8,8,540,8,164,2
76,38.00,4,4,552,1,164,3
77,36.00,6,6,508,16,164,2
78,36.00,8,8,510,2,164,2
79,36.00,10,10,506,14,164,3
80,36.00,10,10,506,13,164,1
81,37.00,10,10,506,12,164,4
82,37.00,10,10,526,5,164,1
83,37.00,4,4,530,7,164,3
84,37.00,3,3,110,6,164,2
85,38.00,18,18,508,15,164,2
86,38.00,4,4,516,1,164,1
87,38.00,7,7,522,15,164,1
88,39.00,4,4,544,14,164,2
89,39.00,4,4,544,14,164,3
90,39.00,22,22,546,12,164,4
91,39.00,18,18,507,13,164,2
92,39.00,18,18,507,14,164,1
93,39.00,10,10,508,11,164,1
94,40.00,15,15,552,4,164,2
95,40.00,6,6,528,9,164,3
96,40.00,2,2,147,18,164,3
97,40.00,5,5,110,15,164,4
98,40.00,3,3,522,14,164,3
99,41.00,5,5,534,3,164,2
100,41.00,2,2,163,7,164,1
101,41.00,3,3,161,26,164,3
102,41.00,4,4,161,26,164,4
103,42.00,4,4,103,16,164,1
104,42.00,11,11,552,3,164,4
105,42.00,20,20,546,11,164,3
106,42.00,14,14,514,7,164,4
107,43.00,7,7,110,18,164,1
108,43.00,8,8,150,34,164,1
109,43.00,8,8,507,12,164,3
110,45.00,3,3,528,1,164,1
111,43.00,18,18,508,13,164,4
112,43.00,18,18,508,14,164,1
113,44.00,6,6,534,9,164,1
114,44.00,4,4,103,7,164,4
115,44.00,22,22,524,8,164,4
116,45.00,6,6,158,11,164,1
117,45.00,6,6,158,13,164,1
118,45.00,2,2,115,19,164,4
119,45.00,2,2,161,4,164,1
120,47.00,6,6,537,10,164,4
121,47.00,8,8,509,12,164,4
122,47.00,8,8,537,4,164,1
123,47.00,5,5,161,6,164,1
124,46.00,3,3,163,14,164,3
125,48.00,9,9,107,14,164,1
126,48.00,2,2,162,3,164,1
127,48.00,2,2,162,3,164,2
128,48.00,6,6,507,5,164,3
129,48.00,8,8,557,6,164,2
130,48.00,4,4,544,13,164,4
131,48.00,4,4,548,8,164,1
132,48.00,12,12,544,12,164,2
133,48.00,4,4,544,13,164,2
134,49.00,3,3,154,17,164,4
135,49.00,10,10,508,10,164,1
136,49.00,6,6,527,5,164,4
137,49.00,8,8,150,33,164,4
138,49.00,2,2,160,5,164,2
139,49.00,2,2,556,6,164,3
140,49.00,8,8,565,17,164,4
141,49.00,6,6,508,17,164,1
142,49.00,8,8,507,7,164,4
143,49.00,4,4,509,7,164,4
144,49.00,8,8,557,13,164,4
145,49.00,8,8,556,13,164,4
146,49.00,6,6,565,8,164,2
147,49.00,4,4,506,10,164,4
148,49.00,4,4,558,12,164,3
149,53.00,2,2,537,1,164,3
150,51.00,6,6,107,10,164,1
151,52.00,4,4,557,9,164,2
152,50.00,6,6,116,35,164,3
153,50.00,4,4,102,3,164,3
154,51.00,2,2,558,3,164,3
155,50.00,2,2,146,15,164,3
156,51.00,5,5,163,3,164,1
157,53.00,4,4,527,1,164,1
158,52.00,2,2,506,3,164,3
159,52.00,8,8,552,9,164,2
160,52.00,6,6,520,21,164,2
161,52.00,4,4,520,18,164,2
162,52.00,2,2,548,12,164,3
163,52.00,8,8,516,15,164,1
164,52.00,8,8,550,13,164,4
165,51.00,5,5,536,6,164,3
166,52.00,4,4,544,14,164,4
167,52.00,6,6,544,20,164,1
168,52.00,4,4,554,4,164,2
169,52.00,8,8,518,14,164,3
170,52.00,8,8,554,7,164,3
171,52.00,8,8,546,13,164,2
172,52.00,6,6,510,11,164,2
173,52.00,8,8,512,12,164,2
174,52.00,8,8,510,12,164,1
175,52.00,8,8,548,13,164,1
176,52.00,2,2,514,21,164,3
177,52.00,4,4,516,13,164,1
178,52.00,2,2,552,7,164,1
179,52.00,6,6,552,8,164,4
180,52.00,6,6,550,12,164,2
181,55.00,4,4,159,9,164,4
182,51.00,4,4,152,6,164,2
183,51.00,8,8,114,21,164,4
184,52.00,2,2,118,12,164,2
185,53.00,3,3,509,14,164,1
186,52.00,2,2,544,11,164,1
187,53.00,8,8,565,16,164,1
188,53.00,3,3,506,7,164,2
189,53.00,5,5,509,14,164,1
190,53.00,3,3,508,8,164,4
191,53.00,8,8,507,15,164,4
192,52.00,8,8,544,11,164,4
193,52.00,4,4,544,12,164,1
194,52.00,4,4,544,10,164,2
195,53.00,4,4,103,2,164,2
196,53.00,2,2,117,11,164,1
197,53.00,2,2,158,9,164,4
198,53.00,10,10,536,4,164,2
199,53.00,10,10,158,14,164,3
200,54.00,2,2,516,3,164,4
201,53.00,7,7,528,5,164,2
202,53.00,18,18,531,17,164,4
203,55.00,1,1,535,1,164,1
204,53.00,18,18,530,16,164,1
205,53.00,11,11,533,18,164,3
206,54.00,4,4,118,19,164,4
207,54.00,11,11,101,2,164,1
208,55.00,3,3,548,7,164,3
209,54.00,9,9,506,15,164,1
210,54.00,5,5,509,13,164,1
211,54.00,4,4,565,10,164,3
212,54.00,4,4,565,10,164,2
213,54.00,18,18,565,14,164,2
214,54.00,16,16,565,15,164,2
215,54.00,4,4,565,9,164,4
216,54.00,5,5,556,12,164,3
217,54.00,18,18,556,15,164,4
218,54.00,18,18,557,15,164,1
219,54.00,2,2,509,15,164,3
220,55.00,8,8,512,13,164,1
221,55.00,5,5,550,10,164,2
222,55.00,4,4,103,3,164,3
223,55.00,4,4,152,6,164,4
224,55.00,8,8,154,14,164,2
225,56.00,3,3,546,4,164,3
226,56.00,8,8,554,10,164,1
227,56.00,8,8,552,10,164,1
228,56.00,3,3,544,7,164,3
229,56.00,3,3,550,7,164,1
230,56.00,5,5,520,15,164,2
231,56.00,2,2,518,4,164,2
232,55.00,7,7,510,1,164,1
233,56.00,2,2,516,2,164,1
234,58.00,4,4,159,8,164,4
235,54.00,2,2,542,2,164,1
236,56.00,4,4,106,9,164,3
237,55.00,8,8,152,4,164,4
238,55.00,4,4,152,5,164,4
239,56.00,10,10,535,3,164,3
240,56.00,11,11,155,16,164,2
241,56.00,5,5,103,3,164,4
242,57.00,8,8,159,13,164,3
243,57.00,8,8,544,6,164,4
244,57.00,6,6,544,7,164,3
245,61.00,8,8,548,9,164,1
246,54.00,6,6,527,3,164,3
247,56.00,4,4,163,25,164,3
248,59.00,6,6,509,9,164,1
249,58.00,4,4,103,5,164,1
250,59.00,2,2,509,9,164,2
251,59.00,2,2,565,7,164,1
252,59.00,3,3,117,12,164,4
253,60.00,11,11,155,17,164,3
254,61.00,8,8,531,20,164,4
255,61.00,6,6,528,12,164,1
256,59.00,21,21,161,27,164,3
257,61.00,8,8,530,18,164,4
258,61.00,4,4,522,8,164,1
259,61.00,8,8,527,13,164,2
260,60.00,8,8,112,17,164,4
261,57.00,4,4,526,2,164,2
262,61.00,3,3,159,2,164,1
263,63.00,2,2,110,12,164,2
264,62.00,4,4,101,3,164,3
265,62.00,8,8,114,14,164,1
266,63.00,2,2,162,3,164,1
267,62.00,2,2,156,11,164,1
268,67.00,6,6,159,5,164,2
269,65.00,2,2,538,8,164,1
270,65.00,4,4,526,15,164,2
271,65.00,2,2,526,10,164,3
272,65.00,6,6,522,13,164,1
273,65.00,2,2,540,7,164,3
274,65.00,8,8,528,18,164,4
275,63.00,6,6,537,1,164,4
276,65.00,8,8,524,18,164,3
277,65.00,6,6,533,19,164,1
278,65.00,8,8,534,21,164,4
279,65.00,6,6,534,20,164,2
280,65.00,8,8,527,14,164,2
281,65.00,8,8,526,18,164,3
282,65.00,2,2,524,12,164,3
283,65.00,8,8,530,21,164,2
284,65.00,8,8,522,20,164,2
285,63.00,6,6,153,3,164,3
286,66.00,2,2,542,4,164,1
287,66.00,3,3,536,7,164,3
288,66.00,3,3,542,20,164,2
289,66.00,2,2,535,8,164,1
290,66.00,4,4,537,7,164,2
291,66.00,3,3,528,7,164,4
292,66.00,4,4,527,8,164,1
293,66.00,4,4,529,7,164,3
294,66.00,2,2,536,9,164,4
295,66.00,8,8,530,19,164,4
296,67.00,2,2,160,10,164,1
297,65.00,4,4,121,29,164,4
298,65.00,4,4,101,4,164,1
299,65.00,2,2,120,26,164,2
300,65.00,6,6,162,4,164,3
301,67.00,8,8,531,21,164,3
302,65.00,4,4,102,2,164,2
303,67.00,2,2,137,28,164,1
304,67.00,6,6,163,4,164,4
305,67.00,2,2,110,12,164,4
306,67.00,2,2,154,6,164,1
307,67.00,2,2,160,3,164,3
308,71.00,6,6,115,16,164,3
309,65.00,5,5,538,1,164,1
310,70.00,4,4,117,13,164,2
311,72.00,5,5,159,6,164,2
312,72.00,5,5,159,7,164,4
313,72.00,6,6,115,15,164,1
314,72.00,8,8,115,17,164,4
315,71.00,4,4,120,18,164,1
316,71.00,8,8,160,4,164,3
317,73.00,5,5,106,26,164,1
318,74.00,4,4,344,3,164,3
319,74.00,8,8,164,3,164,3
320,75.00,4,4,161,12,164,4
321,75.00,4,4,161,12,164,2
322,76.00,4,4,138,22,164,2
323,76.00,6,6,162,6,164,4
324,76.00,2,2,140,26,164,3
325,77.00,2,2,136,28,164,2
326,77.00,10,10,161,5,164,2
327,78.00,4,4,131,27,164,1
328,78.00,2,2,147,2,164,1
329,78.00,23,23,162,24,164,4
330,84.00,4,4,161,7,164,3
331,79.00,10,10,107,19,164,4
332,79.00,2,2,136,27,164,2
333,80.00,4,4,135,19,164,4
334,80.00,4,4,136,26,164,4
335,80.00,8,8,148,13,164,1
336,80.00,4,4,120,25,164,4
337,82.00,2,2,538,4,164,3
338,82.00,4,4,538,3,164,1
339,81.00,2,2,107,11,164,3
340,81.00,4,4,107,12,164,2
341,82.00,3,3,320,5,164,2
342,82.00,4,4,130,25,164,2
343,84.00,3,3,536,2,164,4
344,84.00,3,3,535,2,164,2
345,84.00,2,2,533,3,164,4
346,84.00,3,3,526,2,164,4
347,84.00,3,3,540,5,164,4
348,84.00,4,4,537,3,164,3
349,84.00,2,2,527,2,164,4
350,84.00,2,2,529,2,164,1
351,84.00,2,2,530,5,164,4
352,84.00,2,2,533,4,164,2
353,86.00,4,4,138,26,164,1
354,83.00,2,2,344,3,164,2
355,83.00,4,4,138,19,164,3
356,83.00,10,10,163,3,164,2
357,83.00,4,4,145,14,164,4
358,84.00,7,7,164,7,164,4
359,86.00,4,4,142,19,164,3
360,86.00,6,6,123,27,164,1
361,86.00,2,2,346,4,164,1
362,88.00,2,2,110,14,164,1
363,88.00,8,8,155,31,164,3
364,88.00,8,8,109,30,164,3
365,88.00,6,6,109,28,164,4
366,87.00,4,4,143,16,164,4
367,87.00,10,10,565,12,164,3
368,87.00,10,10,565,11,164,4
369,87.00,6,6,506,9,164,3
370,87.00,9,9,506,8,164,3
371,87.00,3,3,509,10,164,3
372,87.00,4,4,509,7,164,2
373,87.00,9,9,556,11,164,4
374,87.00,4,4,556,12,164,4
375,87.00,4,4,509,8,164,3
376,87.00,4,4,509,8,164,2
377,88.00,4,4,143,21,164,1
378,87.00,2,2,117,2,164,3
379,88.00,2,2,508,2,164,4
380,92.00,5,5,141,13,164,1
381,89.00,4,4,120,13,164,4
382,91.00,4,4,156,20,164,4
383,91.00,5,5,109,25,164,1
384,91.00,4,4,108,23,164,3
385,91.00,3,3,154,13,164,2
386,89.00,6,6,102,2,164,3
387,90.00,3,3,108,13,164,2
388,90.00,2,2,108,16,164,1
389,90.00,2,2,108,17,164,2
390,90.00,4,4,142,21,164,4
391,91.00,7,7,123,17,164,3
392,94.00,2,2,114,1,164,3
393,93.00,2,2,109,23,164,2
394,93.00,2,2,108,19,164,4
395,93.00,3,3,154,15,164,2
396,98.00,4,4,101,12,164,1
397,92.00,4,4,120,21,164,1
398,92.00,2,2,113,6,164,4
399,95.00,4,4,136,23,164,4
400,95.00,2,2,138,21,164,2
401,92.00,4,4,140,20,164,3
402,92.00,6,6,125,28,164,1
403,92.00,4,4,350,3,164,2
404,94.00,2,2,160,1,164,2
405,95.00,2,2,350,3,164,2
406,95.00,8,8,136,29,164,4
407,95.00,4,4,142,22,164,1
408,103.00,4,4,164,11,164,4
409,98.00,4,4,141,31,164,3
410,97.00,8,8,144,15,164,3
411,97.00,4,4,117,27,164,2
412,97.00,4,4,136,18,164,1
413,98.00,4,4,120,12,164,2
414,98.00,2,2,129,14,164,2
415,98.00,8,8,144,23,164,2
416,99.00,8,8,120,22,164,1
417,106.00,6,6,130,18,164,4
418,100.00,2,2,147,2,164,2
419,100.00,2,2,149,1,164,2
420,100.00,10,10,143,26,164,1
421,108.00,8,8,162,21,164,4
422,103.00,4,4,140,33,164,2
423,102.00,2,2,100,3,164,2
424,102.00,4,4,113,5,164,1
425,102.00,3,3,352,1,164,1
426,102.00,13,13,163,2,164,1
427,102.00,5,5,132,19,164,1
428,102.00,6,6,340,2,164,1
429,102.00,6,6,316,2,164,2
430,103.00,6,6,135,14,164,2
431,104.00,2,2,135,28,164,3
432,103.00,2,2,102,1,164,2
433,104.00,4,4,342,2,164,1
434,104.00,2,2,150,35,164,4
435,105.00,2,2,145,4,164,3
436,105.00,4,4,141,14,164,1
437,107.00,2,2,164,3,164,4
438,107.00,3,3,156,13,164,3
439,107.00,3,3,156,15,164,3
440,107.00,3,3,156,16,164,3
441,107.00,4,4,139,32,164,2
442,108.00,4,4,163,5,164,1
443,108.00,3,3,163,12,164,2
444,108.00,2,2,164,10,164,3
445,108.00,4,4,162,12,164,3
446,108.00,4,4,160,12,164,2
447,108.00,2,2,161,5,164,2
448,107.00,6,6,342,3,164,4
449,107.00,4,4,124,24,164,4
450,109.00,2,2,156,12,164,1
451,109.00,3,3,156,14,164,2
452,109.00,2,2,156,17,164,1
453,110.00,2,2,159,8,164,2
454,110.00,4,4,102,7,164,2
455,110.00,2,2,159,7,164,2
456,110.00,4,4,158,8,164,4
457,110.00,2,2,103,28,164,4
458,110.00,2,2,106,10,164,2
459,110.00,4,4,159,27,164,1
460,112.00,4,4,118,6,164,4
461,109.00,6,6,141,19,164,3
462,113.00,2,2,119,2,164,4
463,110.00,4,4,144,12,164,4
464,117.00,4,4,148,8,164,3
465,110.00,2,2,122,15,164,4
466,112.00,4,4,346,1,164,4
467,110.00,2,2,137,12,164,2
468,111.00,4,4,348,4,164,3
469,111.00,10,10,119,9,164,2
470,111.00,4,4,342,3,164,2
471,114.00,3,3,318,5,164,4
472,114.00,8,8,141,24,164,4
473,114.00,5,5,143,25,164,1
474,115.00,10,10,326,3,164,2
475,118.00,4,4,350,1,164,2
476,123.00,8,8,146,28,164,2
477,123.00,8,8,146,29,164,2
478,122.00,2,2,118,5,164,4
479,119.00,3,3,145,3,164,4
480,119.00,10,10,143,24,164,1
481,127.00,4,4,146,2,164,1
482,122.00,5,5,128,24,164,1
483,120.00,10,10,320,1,164,1
484,120.00,8,8,125,19,164,1
485,120.00,10,10,318,2,164,3
486,128.00,2,2,121,7,164,2
487,124.00,10,10,121,20,164,1
488,127.00,4,4,122,24,164,4
489,128.00,3,3,128,22,164,1
490,131.00,3,3,128,14,164,3
491,127.00,5,5,346,1,164,4
492,128.00,2,2,132,17,164,3
493,129.00,6,6,117,2,164,2
494,129.00,8,8,122,21,164,3
495,129.00,6,6,316,3,164,1
496,133.00,4,4,122,23,164,3
497,142.00,22,22,516,11,164,3
498,142.00,22,22,516,12,164,3
499,142.00,22,22,522,10,164,1
500,142.00,22,22,522,11,164,2
501,134.00,2,2,137,17,164,1
502,134.00,3,3,131,17,164,1
503,134.00,3,3,132,17,164,2
504,134.00,3,3,135,17,164,1
505,134.00,4,4,118,2,164,1
506,134.00,2,2,335,5,164,4
507,135.00,5,5,348,1,164,4
508,137.00,4,4,137,19,164,4
509,138.00,8,8,348,1,164,2
510,142.00,2,2,126,8,164,1
511,138.00,2,2,123,10,164,4
512,141.00,4,4,121,6,164,3
513,142.00,4,4,140,9,164,2
514,144.00,2,2,143,7,164,1
515,144.00,3,3,132,16,164,3
516,144.00,3,3,135,16,164,4
517,144.00,4,4,326,2,164,3
518,144.00,5,5,340,3,164,1
519,144.00,4,4,131,16,164,3
520,154.00,3,3,120,28,164,2
521,146.00,6,6,134,19,164,1
522,160.00,3,3,133,24,164,1
523,152.00,4,4,125,17,164,4
524,152.00,6,6,123,18,164,2
525,153.00,6,6,124,14,164,3
526,154.00,4,4,137,9,164,3
527,156.00,4,4,123,9,164,3
528,163.00,8,8,120,29,164,1
529,163.00,8,8,120,30,164,1
530,163.00,8,8,120,31,164,1
531,159.00,4,4,129,8,164,3
532,159.00,4,4,138,9,164,4
533,162.00,2,2,141,9,164,2
534,162.00,2,2,137,14,164,1
535,162.00,4,4,139,15,164,4
536,162.00,3,3,127,7,164,4
537,162.00,3,3,127,8,164,2
538,160.00,8,8,127,25,164,1
539,162.00,4,4,127,9,164,1
540,168.00,4,4,127,19,164,2
541,169.00,2,2,135,7,164,2
542,171.00,4,4,137,13,164,4
543,171.00,4,4,138,13,164,3
544,171.00,4,4,140,13,164,1
545,177.00,3,3,128,12,164,4
546,177.00,4,4,129,11,164,2
547,178.00,4,4,125,8,164,4
548,179.00,2,2,121,5,164,2
549,187.00,2,2,141,10,164,3
550,187.00,4,4,122,10,164,1
551,188.00,3,3,121,2,164,2
552,199.00,6,6,124,10,164,4
553,199.00,4,4,124,9,164,3
554,204.00,4,4,128,8,164,2
555,204.00,6,6,139,11,164,3
556,204.00,4,4,139,10,164,1
557,204.00,6,6,159,17,164,3
558,202.00,2,2,146,1,164,2
559,224.00,2,2,121,5,164,3
560,226.00,4,4,122,7,164,3
561,261.00,2,2,139,5,164,1
562,295.00,8,8,126,27,164,3
563,317.00,4,4,340,6,164,4
564,340.00,6,6,128,6,164,2
565,387.00,2,2,2002,B3,164,4
566,408.00,4,4,123,5,164,4
567,423.00,4,4,1330,5,164,2
568,485.00,8,8,133,28,164,4
569,485.00,6,6,137,33,164,2
570,485.00,4,4,139,32,164,2
571,485.00,4,4,139,33,164,1
572,574.00,6,6,1310,6,164,4
573,758.00,2,2,106,10,164,2
574,941.00,8,8,146,30,164,4
575,941.00,8,8,146,31,164,4
576,100.00,2,2,152,3,164,3
577,140.00,2,2,138,33,164,2
578,150.00,2,2,124,10,164,4
579,77.00,1,1,203,8,107,2
580,78.00,1,1,236,20,107,2
581,78.00,1,1,236,20,107,4
582,78.00,1,1,233,15,107,4
583,79.00,1,1,237,30,107,2
584,83.00,1,1,207,7,107,4
585,83.00,1,1,207,7,107,3
586,83.00,1,1,237,11,107,2
587,83.00,1,1,236,10,107,1
588,87.00,1,1,2006,GA,107,2
589,88.00,1,1,243,14,107,1
590,88.00,1,1,210,5,107,4
591,89.00,1,1,203,1,107,4
592,92.00,1,1,2005,GA,107,1
593,94.00,13,13,2009,SR,107,4
594,101.00,1,1,93,QQ,107,1
595,95.00,10,10,2006,GA,107,4
596,97.00,1,1,242,10,107,2
597,99.00,1,1,241,19,107,2
598,101.00,1,1,241,18,107,3
599,103.00,1,1,241,17,107,1
600,102.00,1,1,204,1,107,1
601,102.00,4,4,2005,GA,107,3
602,105.00,1,1,241,16,107,4
603,106.00,1,1,242,16,107,1
604,106.00,2,2,0,48,107,4
605,106.00,24,24,2009,GA,107,3
606,111.00,2,2,203,09,107,3
607,115.00,2,2,206,09,107,1
608,110.00,1,1,207,1,107,1
609,110.00,12,12,2005,GA,107,4
610,110.00,12,12,2006,GA,107,1
611,116.00,4,4,203,10,107,4
612,116.00,2,2,207,10,107,3
613,111.00,2,2,238,28,107,3
614,118.00,3,3,205,10,107,4
615,119.00,2,2,207,09,107,4
616,121.00,2,2,233,14,107,1
617,121.00,4,4,203,06,107,2
618,121.00,4,4,205,05,107,3
619,117.00,6,6,206,10,107,3
620,118.00,2,2,209,10,107,2
621,118.00,4,4,208,10,107,1
622,117.00,6,6,239,46,107,4
623,123.00,2,2,207,9,107,3
624,119.00,12,12,2005,GA,107,4
625,119.00,30,30,2009,GA,107,1
626,119.00,1,1,241,3,107,2
627,119.00,6,6,2006,GA,107,3
628,125.00,2,2,210,07,107,1
629,125.00,2,2,202,08,107,2
630,119.00,4,4,207,10,107,4
631,125.00,4,4,203,09,107,3
632,125.00,2,2,203,07,107,1
633,120.00,4,4,206,10,107,4
634,121.00,5,5,204,10,107,2
635,127.00,4,4,203,08,107,1
636,121.00,2,2,242,29,107,4
637,122.00,3,3,205,9,107,3
638,122.00,7,7,203,10,107,4
639,128.00,2,2,204,02,107,1
640,123.00,4,4,209,9,107,1
641,124.00,3,3,203,9,107,4
642,125.00,2,2,238,30,107,1
643,124.00,18,18,2006,GA,107,2
644,124.00,10,10,242,28,107,4
645,124.00,2,2,207,1,107,3
646,124.00,4,4,205,11,107,1
647,124.00,6,6,241,48,107,3
648,125.00,4,4,209,8,107,4
649,125.00,4,4,207,7,107,2
650,126.00,4,4,206,7,107,3
651,144.00,2,2,212,8,107,3
652,127.00,4,4,202,7,107,4
653,128.00,8,8,89,PP,107,4
654,128.00,7,7,2005,GA,107,2
655,128.00,4,4,232,10,107,4
656,128.00,3,3,202,7,107,1
657,128.00,2,2,209,6,107,4
658,129.00,2,2,210,13,107,2
659,129.00,2,2,210,14,107,1
660,129.00,8,8,204,7,107,1
661,130.00,7,7,206,6,107,3
662,131.00,6,6,202,6,107,4
663,132.00,3,3,238,5,107,4
664,132.00,3,3,203,4,107,4
665,149.00,2,2,212,5,107,4
666,132.00,1,1,243,4,107,3
667,132.00,4,4,232,9,107,4
668,132.00,2,2,0,28,107,1
669,131.00,3,3,90,RR,107,2
670,131.00,2,2,92,SS,107,1
671,132.00,2,2,243,38,107,1
672,132.00,5,5,206,4,107,2
673,137.00,4,4,206,7,107,4
674,133.00,7,7,206,3,107,4
675,145.00,2,2,230,9,107,2
676,147.00,2,2,210,2,107,1
677,140.00,1,1,94,XX,107,1
678,135.00,3,3,90,NN,107,4
679,140.00,3,3,227,05,107,1
680,151.00,3,3,242,24,107,3
681,151.00,3,3,236,26,107,2
682,157.00,3,3,212,11,107,3
683,157.00,2,2,239,42,107,2
684,139.00,4,4,91,WW,107,2
685,140.00,3,3,90,SS,107,4
686,136.00,4,4,212,8,107,3
687,140.00,4,4,237,30,107,2
688,140.00,2,2,241,13,107,3
689,139.00,2,2,93,KK,107,2
690,148.00,4,4,208,8,107,1
691,160.00,2,2,241,44,107,4
692,152.00,1,1,97,BB,107,1
693,160.00,2,2,202,7,107,1
694,141.00,3,3,329,C,107,1
695,161.00,2,2,87,UU,107,2
696,162.00,2,2,201,6,107,4
697,143.00,6,6,91,TT,107,1
698,147.00,2,2,237,15,107,2
699,163.00,2,2,93,VV,107,2
700,149.00,3,3,227,07,107,4
701,141.00,4,4,242,22,107,2
702,164.00,2,2,242,33,107,4
703,164.00,2,2,242,33,107,2
704,164.00,2,2,242,34,107,4
705,164.00,2,2,242,34,107,4
706,164.00,2,2,242,38,107,4
707,164.00,2,2,243,35,107,4
708,164.00,2,2,87,RR,107,4
709,164.00,2,2,203,3,107,2
710,151.00,1,1,94,WW,107,4
711,148.00,4,4,232,11,107,4
712,154.00,6,6,206,6,107,4
713,167.00,1,1,203,6,107,3
714,150.00,2,2,230,06,107,4
715,168.00,2,2,87,TT,107,1
716,168.00,2,2,239,38,107,3
717,148.00,2,2,228,6,107,2
718,152.00,4,4,242,21,107,4
719,169.00,2,2,201,5,107,2
720,169.00,2,2,203,4,107,2
721,169.00,2,2,203,4,107,1
722,152.00,2,2,0,8,107,2
723,153.00,1,1,102,KK,107,4
724,153.00,4,4,242,21,107,4
725,170.00,2,2,202,4,107,4
726,170.00,2,2,202,5,107,1
727,162.00,4,4,211,12,107,2
728,170.00,2,2,238,39,107,3
729,170.00,2,2,239,37,107,4
730,153.00,2,2,94,KK,107,2
731,171.00,2,2,242,29,107,2
732,171.00,2,2,242,30,107,1
733,171.00,2,2,242,30,107,4
734,155.00,2,2,93,NN,107,4
735,154.00,2,2,211,7,107,1
736,171.00,2,2,243,33,107,1
737,171.00,2,2,243,34,107,1
738,171.00,2,2,243,34,107,1
739,171.00,2,2,238,26,107,3
740,171.00,2,2,203,5,107,4
741,171.00,2,2,204,10,107,3
742,154.00,1,1,94,KK,107,2
743,155.00,2,2,229,15,107,3
744,174.00,4,4,202,15,107,2
745,159.00,4,4,236,17,107,4
746,175.00,2,2,241,31,107,2
747,175.00,2,2,204,6,107,3
748,175.00,2,2,204,9,107,1
749,175.00,2,2,204,9,107,2
750,175.00,2,2,204,9,107,2
751,175.00,2,2,204,9,107,4
752,175.00,2,2,237,20,107,1
753,175.00,2,2,237,20,107,1
754,175.00,2,2,236,23,107,1
755,153.00,1,1,229,6,107,4
756,175.00,2,2,238,23,107,1
757,157.00,2,2,227,18,107,4
758,176.00,3,3,202,9,107,3
759,176.00,3,3,202,9,107,2
760,158.00,2,2,212,3,107,4
761,176.00,1,1,238,20,107,1
762,165.00,14,14,205,07,107,4
763,159.00,1,1,218,10,107,2
764,159.00,4,4,93,JJ,107,2
765,160.00,2,2,335,B,107,4
766,160.00,2,2,230,05,107,2
767,160.00,2,2,341,C,107,2
768,161.00,3,3,92,P P,107,1
769,179.00,4,4,202,14,107,3
770,161.00,2,2,0,6,107,2
771,179.00,4,4,90,XX,107,1
772,161.00,4,4,237,6,107,1
773,162.00,1,1,213,12,107,3
774,171.00,2,2,224,7,107,1
775,168.00,13,13,205,07,107,1
776,159.00,6,6,237,25,107,1
777,162.00,1,1,95,PP,107,2
778,166.00,2,2,323,B,107,4
779,165.00,2,2,243,10,107,3
780,162.00,7,7,88,VV,107,1
781,162.00,2,2,92,JJ,107,1
782,181.00,4,4,241,44,107,3
783,181.00,3,3,243,39,107,2
784,167.00,6,6,206,5,107,3
785,182.00,2,2,242,26,107,3
786,182.00,2,2,206,10,107,3
787,182.00,2,2,242,27,107,3
788,182.00,2,2,237,19,107,2
789,182.00,2,2,206,2,107,1
790,182.00,3,3,202,7,107,2
791,165.00,2,2,226,9,107,1
792,182.00,2,2,236,22,107,4
793,182.00,4,4,202,5,107,2
794,182.00,3,3,203,3,107,2
795,182.00,2,2,238,18,107,2
796,182.00,2,2,238,18,107,1
797,182.00,2,2,238,18,107,1
798,182.00,2,2,94,XX,107,1
799,166.00,4,4,237,6,107,3
800,171.00,12,12,205,06,107,2
801,184.00,2,2,212,15,107,3
802,184.00,4,4,243,40,107,1
803,184.00,3,3,90,TT,107,2
804,184.00,4,4,91,UU,107,1
805,169.00,1,1,213,8,107,4
806,179.00,4,4,214,10,107,4
807,168.00,2,2,225,8,107,2
808,168.00,2,2,237,13,107,2
809,169.00,1,1,94,VV,107,2
810,166.00,2,2,215,15,107,1
811,178.00,2,2,333,D,107,2
812,167.00,2,2,232,11,107,3
813,186.00,2,2,204,5,107,4
814,186.00,2,2,206,7,107,2
815,186.00,2,2,206,7,107,1
816,186.00,2,2,206,8,107,1
817,186.00,2,2,206,9,107,2
818,186.00,4,4,241,30,107,3
819,174.00,10,10,205,06,107,4
820,186.00,3,3,203,10,107,2
821,186.00,3,3,205,14,107,3
822,167.00,8,8,333,F,107,1
823,188.00,6,6,202,15,107,3
824,188.00,4,4,203,4,107,2
825,165.00,3,3,335,F,107,4
826,176.00,17,17,205,05,107,4
827,189.00,4,4,242,34,107,4
828,170.00,8,8,333,G,107,3
829,189.00,3,3,203,8,107,4
830,189.00,3,3,90,SS,107,3
831,190.00,4,4,243,38,107,3
832,171.00,1,1,329,D,107,2
833,190.00,3,3,238,23,107,4
834,190.00,3,3,238,23,107,4
835,190.00,4,4,89,VV,107,3
836,191.00,7,7,87,XX,107,1
837,191.00,3,3,243,36,107,2
838,182.00,6,6,93,RR,107,3
839,172.00,10,10,90,UU,107,2
840,172.00,10,10,3,K,107,4
841,193.00,2,2,237,16,107,2
842,193.00,2,2,237,16,107,3
843,193.00,2,2,237,16,107,1
844,193.00,2,2,206,1,107,3
845,193.00,4,4,238,24,107,2
846,193.00,4,4,206,9,107,1
847,193.00,3,3,236,23,107,2
848,193.00,2,2,211,10,107,4
849,193.00,4,4,242,30,107,1
850,193.00,2,2,93,LL,107,2
851,193.00,2,2,93,LL,107,1
852,175.00,2,2,93,EE,107,1
853,193.00,2,2,207,6,107,4
854,193.00,2,2,238,13,107,2
855,193.00,2,2,238,16,107,4
856,193.00,3,3,204,5,107,4
857,193.00,2,2,93,PP,107,4
858,193.00,2,2,93,PP,107,3
859,193.00,3,3,206,8,107,4
860,193.00,3,3,243,26,107,3
861,193.00,2,2,237,13,107,3
862,193.00,4,4,237,27,107,2
863,194.00,6,6,90,VV,107,4
864,194.00,4,4,243,34,107,4
865,179.00,8,8,227,18,107,1
866,185.00,2,2,0,11,107,3
867,179.00,1,1,227,6,107,3
868,172.00,2,2,95,SS,107,2
869,178.00,3,3,221,18,107,3
870,196.00,2,2,211,9,107,3
871,196.00,3,3,87,TT,107,3
872,197.00,4,4,204,3,107,4
873,197.00,4,4,204,3,107,4
874,197.00,4,4,204,4,107,3
875,197.00,4,4,93,VV,107,2
876,188.00,3,3,402,A,107,4
877,179.00,2,2,0,3,107,2
878,179.00,10,10,414,C,107,1
879,187.00,4,4,94,SS,107,2
880,179.00,2,2,241,24,107,4
881,190.00,8,8,3,J,107,4
882,180.00,2,2,214,12,107,1
883,184.00,2,2,93,EE,107,1
884,182.00,3,3,217,15,107,2
885,204.00,2,2,93,HH,107,4
886,204.00,4,4,238,17,107,1
887,204.00,2,2,212,6,107,2
888,204.00,17,17,202,15,107,4
889,204.00,2,2,238,12,107,2
890,204.00,2,2,238,12,107,3
891,204.00,2,2,212,3,107,4
892,204.00,2,2,232,12,107,4
893,204.00,2,2,237,10,107,3
894,204.00,2,2,232,4,107,4
895,204.00,2,2,232,8,107,1
896,204.00,4,4,93,TT,107,3
897,204.00,3,3,236,18,107,4
898,204.00,4,4,237,19,107,2
899,205.00,2,2,212,7,107,3
900,186.00,6,6,237,3,107,3
901,206.00,6,6,87,VV,107,4
902,207.00,4,4,212,4,107,3
903,207.00,3,3,223,11,107,2
904,207.00,2,2,229,7,107,2
905,187.00,8,8,414,C,107,1
906,208.00,23,23,241,45,107,3
907,208.00,23,23,202,13,107,3
908,208.00,2,2,207,1,107,3
909,208.00,2,2,207,1,107,1
910,208.00,3,3,87,PP,107,1
911,208.00,3,3,87,PP,107,3
912,208.00,2,2,230,2,107,3
913,208.00,2,2,230,5,107,2
914,208.00,2,2,230,6,107,4
915,208.00,2,2,212,4,107,2
916,208.00,2,2,212,4,107,1
917,208.00,4,4,236,16,107,3
918,208.00,3,3,207,6,107,4
919,208.00,2,2,233,3,107,3
920,174.00,2,2,237,22,107,2
921,210.00,2,2,227,1,107,2
922,190.00,2,2,2,K,107,4
923,176.00,2,2,242,47,107,2
924,190.00,2,2,226,15,107,1
925,190.00,2,2,93,FF,107,1
926,190.00,2,2,95,SS,107,2
927,190.00,2,2,94,SS,107,1
928,204.00,3,3,410,B,107,1
929,213.00,6,6,87,UU,107,3
930,213.00,2,2,232,12,107,2
931,193.00,2,2,158,LL,107,1
932,178.00,2,2,242,45,107,2
933,214.00,8,8,87,WW,107,1
934,214.00,6,6,212,14,107,1
935,199.00,6,6,94,PP,107,4
936,215.00,7,7,206,7,107,3
937,215.00,4,4,207,5,107,4
938,195.00,10,10,211,12,107,2
939,215.00,3,3,94,XX,107,2
940,193.00,4,4,213,10,107,3
941,215.00,32,32,203,13,107,4
942,215.00,2,2,2,N,107,3
943,195.00,6,6,226,14,107,1
944,215.00,2,2,94,LL,107,1
945,215.00,2,2,94,LL,107,4
946,215.00,3,3,87,NN,107,2
947,215.00,3,3,87,NN,107,2
948,215.00,2,2,209,14,107,3
949,215.00,3,3,236,17,107,4
950,195.00,2,2,2,H,107,4
951,180.00,2,2,237,18,107,2
952,180.00,2,2,242,43,107,3
953,196.00,2,2,94,PP,107,1
954,194.00,5,5,225,11,107,4
955,218.00,7,7,229,13,107,2
956,182.00,2,2,242,41,107,4
957,183.00,2,2,237,16,107,1
958,219.00,4,4,238,16,107,2
959,219.00,3,3,94,WW,107,4
960,219.00,2,2,2,M,107,2
961,219.00,31,31,203,12,107,2
962,219.00,2,2,4,F,107,4
963,219.00,2,2,4,H,107,1
964,219.00,7,7,87,SS,107,4
965,201.00,2,2,2,J,107,2
966,219.00,2,2,236,9,107,3
967,219.00,4,4,93,NN,107,4
968,219.00,4,4,93,NN,107,2
969,219.00,6,6,241,43,107,1
970,183.00,2,2,93,XX,107,2
971,199.00,2,2,226,12,107,1
972,195.00,4,4,211,10,107,3
973,200.00,2,2,94,NN,107,1
974,201.00,4,4,227,4,107,4
975,201.00,2,2,412,B,107,4
976,202.00,2,2,93,FF,107,4
977,207.00,1,1,331,C,107,3
978,204.00,6,6,900,SR,107,3
979,204.00,2,2,900,SR,107,3
980,204.00,2,2,94,PP,107,4
981,208.00,4,4,333,A,107,1
982,225.00,6,6,230,14,107,2
983,225.00,3,3,227,1,107,2
984,199.00,4,4,215,13,107,1
985,206.00,4,4,161,HH,107,3
986,206.00,4,4,90,MM,107,2
987,226.00,4,4,94,SS,107,3
988,226.00,2,2,225,14,107,2
989,226.00,2,2,225,14,107,3
990,226.00,3,3,210,2,107,4
991,226.00,2,2,237,7,107,1
992,226.00,2,2,237,7,107,1
993,226.00,4,4,94,UU,107,2
994,226.00,4,4,94,UU,107,3
995,226.00,3,3,237,10,107,1
996,226.00,2,2,94,GG,107,2
997,226.00,6,6,237,17,107,3
998,226.00,2,2,163,LL,107,1
999,201.00,2,2,104,PP,107,4
1000,226.00,4,4,232,4,107,2
1001,226.00,6,6,241,42,107,2
1002,206.00,1,1,2,M,107,4
1003,207.00,2,2,212,15,107,2
1004,208.00,3,3,217,11,107,3
1005,206.00,7,7,900,GA,107,1
1006,209.00,2,2,94,EE,107,4
1007,209.00,3,3,223,1,107,2
1008,230.00,2,2,95,LL,107,1
1009,211.00,2,2,4,J,107,4
1010,230.00,6,6,87,MM,107,2
1011,230.00,5,5,238,10,107,1
1012,221.00,1,1,900,GA,107,3
1013,230.00,2,2,243,8,107,3
1014,230.00,4,4,237,10,107,1
1015,230.00,2,2,329,A,107,4
1016,230.00,2,2,236,8,107,3
1017,230.00,2,2,236,8,107,1
1018,230.00,2,2,222,8,107,3
1019,230.00,2,2,240,6,107,4
1020,195.00,2,2,93,WW,107,4
1021,210.00,2,2,215,11,107,1
1022,211.00,4,4,900,SR,107,1
1023,212.00,2,2,94,GG,107,4
1024,212.00,2,2,212,13,107,3
1025,217.00,2,2,3,E,107,3
1026,217.00,1,1,225,5,107,2
1027,235.00,4,4,227,13,107,4
1028,236.00,4,4,162,MM,107,4
1029,237.00,2,2,225,5,107,4
1030,237.00,21,21,238,19,107,2
1031,237.00,2,2,226,11,107,2
1032,237.00,2,2,226,7,107,3
1033,237.00,2,2,162,HH,107,4
1034,237.00,4,4,209,17,107,1
1035,237.00,6,6,237,16,107,2
1036,237.00,6,6,93,PP,107,4
1037,237.00,2,2,5,K,107,4
1038,237.00,2,2,237,5,107,1
1039,237.00,2,2,237,5,107,4
1040,237.00,4,4,94,PP,107,4
1041,237.00,4,4,94,QQ,107,3
1042,237.00,4,4,94,QQ,107,4
1043,237.00,4,4,94,QQ,107,2
1044,237.00,2,2,237,6,107,3
1045,237.00,2,2,237,6,107,2
1046,237.00,2,2,225,10,107,2
1047,237.00,2,2,95,JJ,107,3
1048,216.00,4,4,222,9,107,2
1049,212.00,2,2,104,MM,107,3
1050,216.00,2,2,212,12,107,2
1051,216.00,4,4,231,9,107,2
1052,216.00,2,2,227,11,107,3
1053,216.00,2,2,211,8,107,4
1054,216.00,2,2,228,9,107,3
1055,216.00,2,2,214,12,107,4
1056,218.00,4,4,900,SR,107,1
1057,220.00,2,2,2,J,107,4
1058,241.00,6,6,87,LL,107,3
1059,241.00,2,2,226,13,107,1
1060,241.00,2,2,213,7,107,1
1061,241.00,4,4,95,UU,107,2
1062,241.00,2,2,325,C,107,2
1063,241.00,4,4,93,KK,107,4
1064,241.00,4,4,227,6,107,3
1065,241.00,4,4,237,8,107,4
1066,241.00,2,2,325,F,107,3
1067,241.00,4,4,237,8,107,1
1068,241.00,2,2,230,1,107,2
1069,241.00,6,6,94,UU,107,1
1070,241.00,2,2,95,HH,107,3
1071,241.00,4,4,94,RR,107,4
1072,223.00,1,1,900,SRO,107,2
1073,205.00,2,2,211,16,107,2
1074,243.00,2,2,160,KK,107,4
1075,243.00,3,3,217,13,107,1
1076,220.00,4,4,102,MM,107,3
1077,220.00,4,4,162,FF,107,4
1078,223.00,2,2,408,B,107,1
1079,221.00,2,2,94,EE,107,3
1080,221.00,2,2,212,12,107,3
1081,231.00,2,2,215,2,107,1
1082,223.00,2,2,228,8,107,3
1083,236.00,3,3,162,DD,107,3
1084,247.00,4,4,162,HH,107,4
1085,225.00,4,4,900,SR,107,3
1086,248.00,2,2,406,B,107,3
1087,248.00,4,4,410,D,107,4
1088,248.00,2,2,161,DD,107,4
1089,248.00,2,2,94,CC,107,1
1090,248.00,2,2,94,EE,107,3
1091,248.00,2,2,323,A,107,4
1092,248.00,4,4,95,TT,107,1
1093,248.00,6,6,233,3,107,1
1094,248.00,2,2,237,4,107,1
1095,248.00,6,6,208,5,107,3
1096,248.00,8,8,93,NN,107,4
1097,248.00,9,9,207,6,107,4
1098,209.00,2,2,94,RR,107,2
1099,225.00,4,4,900,GA1,107,3
1100,210.00,2,2,93,RR,107,4
1101,210.00,2,2,211,14,107,4
1102,249.00,2,2,408,B,107,3
1103,226.00,2,2,7,G,107,2
1104,226.00,2,2,215,5,107,2
1105,226.00,6,6,213,8,107,1
1106,226.00,4,4,217,14,107,1
1107,227.00,2,2,93,LL,107,4
1108,227.00,2,2,93,KK,107,2
1109,250.00,4,4,227,11,107,2
1110,250.00,4,4,408,C,107,2
1111,240.00,10,10,3,J,107,4
1112,250.00,4,4,226,12,107,3
1113,251.00,2,2,158,JJ,107,3
1114,228.00,4,4,6,G,107,2
1115,228.00,2,2,7,F,107,4
1116,230.00,2,2,6,J,107,3
1117,251.00,2,2,410,B,107,3
1118,228.00,4,4,231,8,107,2
1119,232.00,3,3,900,SRO,107,1
1120,232.00,4,4,900,SRO,107,2
1121,252.00,8,8,208,6,107,1
1122,252.00,2,2,214,9,107,4
1123,252.00,4,4,213,5,107,3
1124,252.00,4,4,160,JJ,107,4
1125,252.00,4,4,404,D,107,4
1126,252.00,2,2,214,11,107,2
1127,252.00,5,5,227,2,107,3
1128,252.00,6,6,94,QQ,107,3
1129,252.00,2,2,95,EE,107,4
1130,252.00,2,2,6,J,107,1
1131,252.00,2,2,231,1,107,3
1132,252.00,2,2,403,E,107,4
1133,252.00,4,4,2,L,107,1
1134,252.00,2,2,160,EE,107,1
1135,226.00,4,4,103,JJ,107,3
1136,230.00,2,2,161,JJ,107,4
1137,230.00,2,2,161,HH,107,4
1138,230.00,6,6,213,6,107,3
1139,231.00,4,4,211,7,107,2
1140,245.00,2,2,80,E,107,1
1141,236.00,6,6,223,5,107,2
1142,226.00,4,4,160,GG,107,2
1143,233.00,4,4,102,JJ,107,4
1144,235.00,6,6,225,3,107,4
1145,259.00,2,2,407,B,107,3
1146,259.00,10,10,210,12,107,2
1147,259.00,4,4,94,HH,107,2
1148,235.00,2,2,159,DD,107,4
1149,259.00,3,3,2,H,107,2
1150,259.00,8,8,93,LL,107,4
1151,259.00,2,2,160,CC,107,4
1152,259.00,2,2,6,G,107,1
1153,236.00,3,3,218,1,107,2
1154,260.00,2,2,71,K,107,1
1155,260.00,2,2,71,K,107,4
1156,220.00,2,2,211,12,107,4
1157,231.00,4,4,157,HH,107,1
1158,263.00,4,4,237,5,107,4
1159,263.00,4,4,94,GG,107,3
1160,263.00,6,6,93,GG,107,1
1161,263.00,4,4,402,D,107,4
1162,263.00,4,4,101,KK,107,1
1163,263.00,2,2,223,7,107,2
1164,263.00,2,2,402,C,107,3
1165,263.00,2,2,214,3,107,2
1166,263.00,2,2,403,C,107,3
1167,263.00,4,4,101,LL,107,2
1168,253.00,4,4,79,H,107,3
1169,240.00,2,2,225,11,107,3
1170,240.00,4,4,226,17,107,1
1171,245.00,6,6,218,4,107,2
1172,240.00,2,2,160,NN,107,4
1173,240.00,4,4,94,XX,107,4
1174,240.00,4,4,229,12,107,1
1175,240.00,2,2,218,14,107,3
1176,224.00,4,4,101,LL,107,4
1177,242.00,2,2,6,K,107,2
1178,257.00,4,4,80,G,107,2
1179,244.00,4,4,215,10,107,2
1180,244.00,2,2,222,3,107,1
1181,270.00,2,2,214,4,107,2
1182,270.00,2,2,102,EE,107,4
1183,270.00,2,2,214,5,107,4
1184,270.00,10,10,237,12,107,3
1185,270.00,8,8,209,7,107,1
1186,270.00,2,2,214,8,107,1
1187,270.00,2,2,97,PP,107,4
1188,270.00,7,7,208,1,107,4
1189,270.00,2,2,105,JJ,107,3
1190,245.00,2,2,159,GG,107,2
1191,270.00,4,4,218,12,107,3
1192,245.00,4,4,150,MM,107,1
1193,245.00,4,4,102,LL,107,3
1194,270.00,2,2,215,11,107,3
1195,270.00,11,11,237,10,107,1
1196,260.00,10,10,3,H,107,4
1197,270.00,2,2,214,2,107,4
1198,270.00,2,2,214,2,107,3
1199,270.00,2,2,160,DD,107,4
1200,246.00,6,6,217,1,107,1
1201,240.00,2,2,158,FF,107,4
1202,230.00,2,2,211,10,107,4
1203,230.00,2,2,215,19,107,1
1204,248.00,2,2,94,CC,107,4
1205,248.00,5,5,94,LL,107,2
1206,274.00,4,4,98,FF,107,4
1207,274.00,4,4,215,12,107,1
1208,274.00,2,2,226,1,107,2
1209,274.00,4,4,215,8,107,2
1210,274.00,2,2,226,1,107,4
1211,274.00,2,2,215,10,107,4
1212,274.00,2,2,137,JJ,107,2
1213,274.00,2,2,215,12,107,4
1214,274.00,2,2,223,11,107,1
1215,248.00,5,5,223,10,107,3
1216,275.00,2,2,73,K,107,2
1217,249.00,4,4,132,MM,107,4
1218,249.00,4,4,100,KK,107,2
1219,265.00,6,6,162,CC,107,3
1220,250.00,2,2,161,KK,107,4
1221,250.00,4,4,94,WW,107,4
1222,253.00,4,4,161,GG,107,3
1223,258.00,4,4,7,G,107,2
1224,254.00,4,4,135,FF,107,4
1225,255.00,2,2,99,EE,107,2
1226,255.00,4,4,79,K,107,3
1227,255.00,2,2,218,14,107,4
1228,281.00,3,3,410,B,107,3
1229,281.00,4,4,136,FF,107,2
1230,281.00,6,6,214,11,107,1
1231,281.00,2,2,107,GG,107,4
1232,281.00,4,4,224,11,107,3
1233,281.00,4,4,224,6,107,4
1234,281.00,2,2,110,JJ,107,4
1235,255.00,2,2,105,CC,107,1
1236,282.00,2,2,75,F,107,1
1237,257.00,3,3,215,2,107,4
1238,239.00,2,2,215,17,107,3
1239,284.00,3,3,411,A,107,2
1240,258.00,6,6,216,4,107,3
1241,285.00,2,2,216,15,107,1
1242,274.00,8,8,3,H,107,4
1243,285.00,2,2,139,DD,107,4
1244,285.00,2,2,7,K,107,2
1245,285.00,4,4,102,KK,107,4
1246,258.00,1,1,157,PP,107,1
1247,285.00,4,4,102,LL,107,1
1248,285.00,6,6,237,4,107,4
1249,285.00,5,5,227,1,107,2
1250,261.00,2,2,107,FF,107,2
1251,261.00,2,2,107,GG,107,1
1252,260.00,2,2,160,JJ,107,4
1253,260.00,2,2,403,C,107,3
1254,260.00,4,4,94,SS,107,4
1255,260.00,4,4,225,9,107,4
1256,260.00,6,6,215,13,107,3
1257,289.00,3,3,98,KK,107,2
1258,263.00,1,1,132,NN,107,2
1259,266.00,2,2,161,FF,107,2
1260,264.00,4,4,98,PP,107,4
1261,264.00,4,4,161,NN,107,1
1262,264.00,4,4,217,11,107,2
1263,264.00,6,6,211,10,107,2
1264,292.00,3,3,401,D,107,4
1265,292.00,2,2,216,14,107,4
1266,292.00,3,3,402,C,107,1
1267,292.00,2,2,7,E,107,2
1268,292.00,2,2,7,J,107,1
1269,292.00,2,2,71,E,107,3
1270,292.00,4,4,325,A,107,3
1271,294.00,10,10,163,KK,107,1
1272,249.00,2,2,215,15,107,1
1273,296.00,4,4,6,G,107,4
1274,296.00,3,3,403,D,107,1
1275,296.00,2,2,216,8,107,2
1276,296.00,2,2,106,DD,107,2
1277,296.00,4,4,126,JJ,107,1
1278,296.00,2,2,110,DD,107,2
1279,269.00,4,4,93,RR,107,1
1280,269.00,2,2,135,GG,107,3
1281,269.00,2,2,73,F,107,1
1282,269.00,2,2,124,NN,107,2
1283,271.00,4,4,161,JJ,107,2
1284,271.00,4,4,98,MM,107,4
1285,299.00,8,8,162,KK,107,4
1286,271.00,12,12,213,17,107,2
1287,275.00,6,6,239,49,107,4
1288,272.00,3,3,128,CC,107,3
1289,275.00,6,6,241,49,107,4
1290,272.00,1,1,241,30,107,1
1291,272.00,1,1,242,30,107,2
1292,272.00,4,4,0,8,107,1
1293,272.00,2,2,0,C,107,2
1294,288.00,9,9,3,G,107,1
1295,272.00,3,3,98,HH,107,1
1296,272.00,2,2,408,A,107,3
1297,301.00,3,3,409,A,107,1
1298,303.00,4,4,6,D,107,4
1299,303.00,4,4,137,DD,107,4
1300,277.00,2,2,127,NN,107,3
1301,303.00,2,2,216,5,107,4
1302,303.00,3,3,160,CC,107,1
1303,303.00,2,2,121,EE,107,2
1304,303.00,2,2,216,10,107,4
1305,303.00,2,2,216,11,107,1
1306,303.00,2,2,216,11,107,2
1307,278.00,2,2,7,J,107,4
1308,278.00,2,2,7,K,107,1
1309,278.00,4,4,162,EE,107,3
1310,278.00,2,2,11,G,107,2
1311,307.00,2,2,217,10,107,2
1312,307.00,2,2,217,2,107,1
1313,307.00,4,4,217,11,107,3
1314,307.00,4,4,123,HH,107,4
1315,279.00,2,2,158,BB,107,4
1316,279.00,4,4,93,QQ,107,2
1317,259.00,2,2,215,13,107,2
1318,259.00,2,2,161,MM,107,2
1319,283.00,4,4,134,KK,107,3
1320,310.00,1,1,119,FF,107,3
1321,286.00,2,2,129,KK,107,1
1322,283.00,2,2,212,2,107,3
1323,283.00,2,2,104,DD,107,4
1324,284.00,4,4,161,GG,107,4
1325,314.00,2,2,139,CC,107,4
1326,314.00,12,12,4,J,107,4
1327,314.00,2,2,8,H,107,4
1328,314.00,14,14,4,K,107,4
1329,288.00,2,2,7,E,107,2
1330,288.00,4,4,102,NN,107,3
1331,318.00,2,2,97,BB,107,4
1332,288.00,3,3,98,NN,107,4
1333,288.00,3,3,99,RR,107,1
1334,288.00,4,4,93,MM,107,3
1335,288.00,4,4,213,9,107,2
1336,269.00,2,2,7,J,107,1
1337,321.00,4,4,77,L,107,4
1338,291.00,4,4,161,FF,107,2
1339,293.00,2,2,74,G,107,3
1340,294.00,4,4,74,L,107,3
1341,325.00,6,6,6,F,107,2
1342,292.00,2,2,129,FF,107,2
1343,325.00,4,4,97,LL,107,2
1344,295.00,16,16,414,B,107,4
1345,298.00,2,2,100,GG,107,2
1346,298.00,4,4,93,JJ,107,3
1347,329.00,8,8,94,DD,107,4
1348,298.00,6,6,159,LL,107,2
1349,329.00,6,6,6,E,107,4
1350,279.00,2,2,218,18,107,3
1351,336.00,4,4,7,E,107,2
1352,306.00,2,2,11,F,107,2
1353,304.00,2,2,71,G,107,2
1354,307.00,6,6,161,PP,107,2
1355,307.00,3,3,98,LL,107,3
1356,308.00,2,2,216,8,107,1
1357,340.00,2,2,76,C,107,2
1358,309.00,6,6,163,FF,107,4
1359,312.00,2,2,101,FF,107,1
1360,289.00,2,2,218,16,107,1
1361,344.00,6,6,404,C,107,2
1362,347.00,4,4,97,EE,107,3
1363,348.00,6,6,163,CC,107,3
1364,317.00,6,6,102,JJ,107,2
1365,299.00,2,2,218,14,107,1
1366,322.00,12,12,162,PP,107,4
1367,324.00,4,4,9,H,107,3
1368,358.00,4,4,216,1,107,1
1369,338.00,2,2,238,14,107,4
1370,321.00,2,2,310,4,107,1
1371,309.00,2,2,218,12,107,2
1372,336.00,2,2,9,E,107,4
1373,336.00,4,4,158,EE,107,2
1374,336.00,5,5,409,B,107,1
1375,336.00,8,8,164,LL,107,3
1376,336.00,4,4,7,D,107,2
1377,379.00,4,4,12,H,107,2
1378,346.00,5,5,407,D,107,4
1379,346.00,4,4,119,HH,107,4
1380,346.00,4,4,133,KK,107,2
1381,384.00,4,4,74,H,107,2
1382,351.00,4,4,158,CC,107,4
1383,360.00,2,2,160,DD,107,2
1384,360.00,5,5,157,PP,107,1
1385,360.00,4,4,405,D,107,2
1386,360.00,2,2,409,A,107,2
1387,376.00,4,4,237,9,107,4
1388,362.00,2,2,209,5,107,1
1389,381.00,2,2,10,D,107,3
1390,403.00,4,4,12,G,107,2
1391,367.00,2,2,56,K,107,4
1392,384.00,4,4,13,L,107,3
1393,382.00,1,1,12,C,107,2
1394,365.00,3,3,9,1,107,2
1395,365.00,4,4,309,4,107,1
1396,364.00,2,2,112,NN,107,4
1397,390.00,2,2,0,4,107,2
1398,375.00,4,4,408,B,107,3
1399,407.00,4,4,102,PP,107,2
1400,417.00,4,4,13,J,107,2
1401,379.00,2,2,10,H,107,1
1402,420.00,1,1,61,D,107,2
1403,384.00,2,2,74,J,107,1
1404,386.00,2,2,13,K,107,1
1405,389.00,2,2,49,M,107,1
1406,404.00,4,4,67,J,107,3
1407,391.00,1,1,50,E,107,4
1408,391.00,4,4,72,H,107,3
1409,435.00,2,2,50,J,107,1
1410,402.00,4,4,129,NN,107,4
1411,435.00,4,4,14,J,107,2
1412,414.00,4,4,66,L,107,1
1413,403.00,2,2,47,F,107,1
1414,379.00,2,2,9,M,107,4
1415,408.00,2,2,242,1,107,1
1416,424.00,2,2,54,F,107,1
1417,408.00,4,4,9,G,107,1
1418,410.00,2,2,16,C,107,2
1419,438.00,2,2,37,G,107,1
1420,394.00,2,2,9,L,107,4
1421,468.00,4,4,67,M,107,2
1422,427.00,4,4,10,K,107,2
1423,472.00,1,1,51,F,107,1
1424,446.00,2,2,67,A,107,3
1425,445.00,2,2,802,5,107,1
1426,432.00,4,4,100,QQ,107,1
1427,432.00,4,4,163,FF,107,1
1428,479.00,4,4,63,J,107,4
1429,409.00,2,2,9,J,107,1
1430,429.00,2,2,51,C,107,4
1431,429.00,4,4,52,G,107,1
1432,429.00,2,2,64,E,107,3
1433,440.00,1,1,38,G,107,3
1434,490.00,4,4,62,H,107,3
1435,483.00,4,4,307,3,107,2
1436,453.00,2,2,97,FF,107,2
1437,471.00,4,4,0,22,107,3
1438,458.00,4,4,20,E,107,2
1439,458.00,4,4,20,F,107,2
1440,456.00,10,10,409,D,107,4
1441,505.00,4,4,66,J,107,2
1442,505.00,2,2,52,D,107,1
1443,467.00,4,4,239,29,107,2
1444,467.00,2,2,226,12,107,4
1445,458.00,2,2,19,D,107,1
1446,460.00,2,2,802,3,107,2
1447,512.00,4,4,66,F,107,3
1448,516.00,2,2,12,A,107,3
1449,521.00,3,3,9,B,107,1
1450,521.00,3,3,9,B,107,4
1451,523.00,4,4,59,L,107,3
1452,524.00,4,4,80,C,107,4
1453,480.00,2,2,47,M,107,2
1454,480.00,6,6,410,D,107,4
1455,480.00,4,4,410,C,107,1
1456,534.00,2,2,38,D,107,1
1457,534.00,4,4,60,K,107,3
1458,534.00,4,4,43,J,107,4
1459,549.00,4,4,54,M,107,1
1460,571.00,4,4,50,L,107,1
1461,571.00,2,2,55,B,107,3
1462,578.00,4,4,65,E,107,2
1463,578.00,4,4,65,F,107,3
1464,592.00,1,1,51,B,107,4
1465,564.00,2,2,109,AA,107,4
1466,586.00,2,2,236,12,107,3
1467,586.00,2,2,236,12,107,3
1468,586.00,4,4,236,19,107,2
1469,586.00,2,2,210,17,107,2
1470,586.00,2,2,231,5,107,3
1471,586.00,4,4,204,6,107,1
1472,586.00,1,1,205,13,107,3
1473,600.00,2,2,13,A,107,1
1474,600.00,4,4,78,A,107,4
1475,543.00,4,4,15,L,107,2
1476,615.00,2,2,34,H,107,4
1477,624.00,3,3,46,M,107,3
1478,576.00,2,2,80,D,107,2
1479,637.00,4,4,21,G,107,1
1480,578.00,2,2,25,F,107,1
1481,655.00,4,4,39,L,107,3
1482,681.00,4,4,500,1,107,3
1483,681.00,3,3,50,F,107,3
1484,688.00,4,4,36,J,107,4
1485,658.00,3,3,210,10,107,1
1486,634.00,2,2,570,1,107,4
1487,634.00,4,4,34,M,107,3
1488,640.00,2,2,49,A,107,3
1489,655.00,2,2,0,2,107,2
1490,664.00,8,8,909,3,107,2
1491,743.00,4,4,30,M,107,4
1492,747.00,2,2,34,B,107,4
1493,677.00,5,5,909,2,107,2
1494,754.00,2,2,35,K,107,2
1495,765.00,4,4,32,G,107,1
1496,769.00,3,3,39,D,107,4
1497,734.00,4,4,64,C,107,3
1498,843.00,6,6,21,H,107,3
1499,846.00,2,2,36,A,107,4
1500,768.00,3,3,102,RR,107,4
1501,758.00,2,2,555,2,107,3
1502,794.00,1,1,546,3,107,3
1503,908.00,4,4,33,B,107,1
1504,919.00,4,4,805,5,107,4
1505,863.00,3,3,82,G,107,3
1506,864.00,10,10,82,K,107,4
1507,864.00,4,4,15,H,107,2
1508,864.00,8,8,9,L,107,2
1509,941.00,2,2,30,H,107,4
1510,941.00,3,3,39,M,107,3
1511,941.00,2,2,232,10,107,3
1512,941.00,4,4,232,10,107,1
1513,942.00,4,4,28,L,107,2
1514,942.00,4,4,23,E,107,1
1515,912.00,8,8,9,K,107,3
1516,955.00,3,3,51,M,107,4
1517,959.00,4,4,102,MM,107,3
1518,959.00,4,4,216,12,107,3
1519,959.00,2,2,225,16,107,3
1520,1439.00,4,4,573,2,107,4
1521,1632.00,2,2,701,5,107,2
1522,1632.00,2,2,702,6,107,4
1523,1639.00,4,4,701,3,107,1
1524,1668.00,4,4,909,1,107,1
1525,1823.00,4,4,569,1,107,2
1526,2202.00,3,3,539,3,107,3
1527,4435.00,3,3,203,08,107,2
1528,5028.00,4,4,237,11/12,107,3
1529,150.00,3,3,226,17,107,1
1530,180.00,2,2,215,14,107,2
1531,199.00,2,2,6,F,107,1
1532,225.00,2,2,220,18,107,2
1533,250.00,4,4,160,MM,107,4
